URL,Keyword Found
http://vaww.pdush.med.va.gov/programs/mrs/defaultMRS.aspx,survey
http://vaww.qps.med.va.gov/default.aspx,survey
http://vaww.qps.med.va.gov/divisions/api/apiDefault.aspx,survey
http://vaww.qps.med.va.gov/divisions/api/ipec/ipecDefault.aspx,survey
http://vaww.qps.med.va.gov/divisions/api/pm/pmDefault.aspx,survey
http://vaww.qps.med.va.gov/divisions/api/csar/csarDefault.aspx,survey
http://vaww.qps.med.va.gov/divisions/api/opes/opesDefault.aspx,survey
http://vaww.qps.med.va.gov/divisions/api/vssc/vsscDefault.aspx,survey
http://vaww.qps.med.va.gov/divisions/api/csde/csdeDefault.aspx,survey
http://vaww.qps.med.va.gov/divisions/api/hsipc/hsipcDefault.aspx,survey
http://vaww.qps.med.va.gov/divisions/ncps/ncpsDefault.aspx,survey
http://vaww.qps.med.va.gov/divisions/ncps/pe/peDefault.aspx,survey
http://vaww.qps.med.va.gov/divisions/qm/qmDefault.aspx,survey
http://vaww.qps.med.va.gov/divisions/qm/ea/eaDefault.aspx,survey
https://vaww.qps.med.va.gov/divisions/qm/nio/nioDefault.aspx,survey
http://vaww.qps.med.va.gov/divisions/qm/cic/cicDefault.aspx,survey
http://vaww.qps.med.va.gov/divisions/qm/ebp/ebpDefault.aspx,survey
http://vaww.qps.med.va.gov/divisions/qm/msa/msaDefault.aspx,survey
https://vaww.qps.med.va.gov/divisions/qm/mlrm/mlrmDefault.aspx,survey
http://vaww.hefp.va.gov/,survey
http://vaww.pdush.med.va.gov/programs/hcm/hcmDefault.aspx,survey
http://vaww.va.gov/VHACSO/CSO_SAS.asp,survey
https://vaww.nca.va.gov/,survey
https://news.va.gov,survey
https://department.va.gov,survey
https://department.va.gov/?taxonomy=wf_page_folders&term=about-va,survey
https://news.va.gov/,survey
https://www.myhealth.va.gov,survey
https://www.va.gov/womenvet/,survey
https://vaww.oit.va.gov/,survey
https://www.va.gov/vetdata,survey
https://vaww.va.gov/6102/,survey
http://vaww.nca.va.gov/,survey
https://vaww.insider.va.gov/,survey
https://cge.concursolutions.com/,program evaluation
https://news.va.gov/news/health/,survey
https://vaww.philadelphia.va.gov/,survey
https://vaww.altoona.va.gov/,survey
https://vaww.clarksburg.va.gov/,survey
https://vaww.birmingham.va.gov,survey
https://vaww.columbiasc.va.gov/,survey
https://vaww.orlando.va.gov/,survey
https://vaww.saginaw.va.gov,survey
http://vaww.dayton.va.gov/,survey
https://vaww.ironmountain.va.gov/,survey
https://vaww.tomah.va.gov/,survey
https://vaww.sheridan.va.gov/,survey
https://vaww.reno.va.gov/,survey
https://vaww.lasvegas.va.gov/,survey
http://vaww.pdush.med.va.gov/programs/mrs/defaultMRS.aspx#content-area,survey
http://vaww.pdush.med.va.gov/programs/goal/goalDefault.aspx,survey
